{"initial_reset_timestamp": 1607365313.584622, "timestamps": [1607365318.597021], "episode_lengths": [194], "episode_rewards": [-367.44712903033604], "episode_types": ["t"]}