{"initial_reset_timestamp": 1607361788.924165, "timestamps": [1607361792.8399563], "episode_lengths": [20], "episode_rewards": [20.0], "episode_types": ["t"]}