{"Average Reward": -1382.3140792236138, "Actor Loss": 52.783164978027344, "Critic Loss": 0.08446698635816574, "Scores": -867.6066478932182, "_runtime": 106, "_timestamp": 1627188504, "_step": 8}