{"initial_reset_timestamp": 1607365690.0024018, "timestamps": [1607365696.091207], "episode_lengths": [192], "episode_rewards": [-48.250461377731014], "episode_types": ["t"]}