{"initial_reset_timestamp": 1607153302.9050467, "timestamps": [1607153333.3339596], "episode_lengths": [834], "episode_rewards": [-302.18595347451793], "episode_types": ["t"]}