{"initial_reset_timestamp": 1607366079.5166273, "timestamps": [1607366083.156549], "episode_lengths": [114], "episode_rewards": [-15.264223123964825], "episode_types": ["t"]}