{"initial_reset_timestamp": 1607154356.0028808, "timestamps": [1607154364.4635286], "episode_lengths": [178], "episode_rewards": [-80.00958987378982], "episode_types": ["t"]}