{"initial_reset_timestamp": 1607365939.8140628, "timestamps": [1607365947.9387002], "episode_lengths": [366], "episode_rewards": [-223.69741085337495], "episode_types": ["t"]}