{"initial_reset_timestamp": 1607152672.5035071, "timestamps": [1607152682.1181333], "episode_lengths": [212], "episode_rewards": [-20.166474866298472], "episode_types": ["t"]}