{"initial_reset_timestamp": 1607153773.6441896, "timestamps": [1607153788.926813], "episode_lengths": [429], "episode_rewards": [-296.40568995330966], "episode_types": ["t"]}