{"initial_reset_timestamp": 1607365781.7543778, "timestamps": [1607365785.0261486], "episode_lengths": [87], "episode_rewards": [-103.9940285658695], "episode_types": ["t"]}