{"initial_reset_timestamp": 1607361600.0098968, "timestamps": [1607361604.2003536], "episode_lengths": [26], "episode_rewards": [26.0], "episode_types": ["t"]}