{"initial_reset_timestamp": 1607365215.1447551, "timestamps": [1607365219.5750248], "episode_lengths": [133], "episode_rewards": [-436.1766007143164], "episode_types": ["t"]}