{"initial_reset_timestamp": 1607361901.798428, "timestamps": [1607361913.317316], "episode_lengths": [94], "episode_rewards": [94.0], "episode_types": ["t"]}