{"initial_reset_timestamp": 1607152543.2956727, "timestamps": [1607152548.7995362], "episode_lengths": [113], "episode_rewards": [-163.2506392018578], "episode_types": ["t"]}