{"initial_reset_timestamp": 1607361720.8460777, "timestamps": [1607361724.8150458], "episode_lengths": [22], "episode_rewards": [22.0], "episode_types": ["t"]}