{"initial_reset_timestamp": 1607154151.156465, "timestamps": [1607154159.9190092], "episode_lengths": [188], "episode_rewards": [9.700796637444924], "episode_types": ["t"]}