{"initial_reset_timestamp": 1607361648.8188734, "timestamps": [1607361652.4867225], "episode_lengths": [15], "episode_rewards": [15.0], "episode_types": ["t"]}