{"initial_reset_timestamp": 1607361682.245166, "timestamps": [1607361684.9162996], "episode_lengths": [10], "episode_rewards": [10.0], "episode_types": ["t"]}