{"initial_reset_timestamp": 1607365546.4379406, "timestamps": [1607365550.520871], "episode_lengths": [135], "episode_rewards": [-25.965033569473107], "episode_types": ["t"]}