{"initial_reset_timestamp": 1607362367.1040256, "timestamps": [1607362420.2302613], "episode_lengths": [500], "episode_rewards": [500.0], "episode_types": ["t"]}