{"initial_reset_timestamp": 1607362083.2936523, "timestamps": [1607362097.4396098], "episode_lengths": [114], "episode_rewards": [114.0], "episode_types": ["t"]}