{"initial_reset_timestamp": 1607366249.5196466, "timestamps": [1607366256.4705935], "episode_lengths": [302], "episode_rewards": [-243.5796229654589], "episode_types": ["t"]}