{"initial_reset_timestamp": 1607153008.8334908, "timestamps": [1607153014.1949725], "episode_lengths": [85], "episode_rewards": [-143.1273158122468], "episode_types": ["t"]}