{"initial_reset_timestamp": 1607366171.8203053, "timestamps": [1607366175.3263698], "episode_lengths": [101], "episode_rewards": [-205.37254182277712], "episode_types": ["t"]}