{"initial_reset_timestamp": 1607153996.0518186, "timestamps": [1607154000.4576693], "episode_lengths": [56], "episode_rewards": [-128.81391511320874], "episode_types": ["t"]}