{"Critic Loss": 7.242956638336182, "Actor Loss": 0.25788038969039917, "Average Reward": 85.77999877929688, "_runtime": 86, "_timestamp": 1627188350, "_step": 499}