{"initial_reset_timestamp": 1607365408.7751596, "timestamps": [1607365421.420422], "episode_lengths": [647], "episode_rewards": [-66.61092169737142], "episode_types": ["t"]}