{"initial_reset_timestamp": 1607362734.9705808, "timestamps": [1607362742.6297638], "episode_lengths": [44], "episode_rewards": [44.0], "episode_types": ["t"]}