{"initial_reset_timestamp": 1607363561.561567, "timestamps": [1607363569.6335697], "episode_lengths": [45], "episode_rewards": [45.0], "episode_types": ["t"]}