{"initial_reset_timestamp": 1607153584.6267967, "timestamps": [1607153601.2373593], "episode_lengths": [435], "episode_rewards": [-144.95642432494498], "episode_types": ["t"]}