{"Critic Loss": 1799.892822265625, "Actor Loss": 40.93641662597656, "Average Reward": 175.02000427246094, "_runtime": 49, "_timestamp": 1627188246, "_step": 293}