{"initial_reset_timestamp": 1607363152.0678587, "timestamps": [1607363161.5047004], "episode_lengths": [52], "episode_rewards": [52.0], "episode_types": ["t"]}